Abarth;500
Abarth;Grande Punto
Abarth;Punto Evo
AC;Ace
AC;Cobra
Aixam;400
Aixam;500
Aixam;741
Aixam;City
Aixam;Coupé
Aixam;Crossline
Aixam;Crossover
Aixam;GTO
Aixam;mega
Aixam;Roadline
Aixam;ScoutyR
Alfa Romeo;145
Alfa Romeo;146
Alfa Romeo;147
Alfa Romeo;155
Alfa Romeo;156
Alfa Romeo;159
Alfa Romeo;164
Alfa Romeo;166
Alfa Romeo;2000
Alfa Romeo;33
Alfa Romeo;4C
Alfa Romeo;75
Alfa Romeo;90
Alfa Romeo;Alfa 6
Alfa Romeo;Alfasud
Alfa Romeo;Alfetta
Alfa Romeo;Brera
Alfa Romeo;Giulia
Alfa Romeo;Giulietta
Alfa Romeo;GT
Alfa Romeo;GTV
Alfa Romeo;MiTo
Alfa Romeo;Montreal
Alfa Romeo;RZ
Alfa Romeo;Spider
Alfa Romeo;Sprint
Alfa Romeo;SZ
Alpina;B3
Aston Martin;Cygnet
Aston Martin;DB6
Aston Martin;DB7
Aston Martin;DB9
Aston Martin;DBS
Aston Martin;Lagonda
Aston Martin;Rapide
Aston Martin;V12 Vanquish
Aston Martin;V12 Vantage
Aston Martin;V8 Coupé
Aston Martin;V8 Vantage
Aston Martin;V8 Virage
Aston Martin;V8 Volante
Audi;100
Audi;200
Audi;80
Audi;90
Audi;A1
Audi;A2
Audi;A3
Audi;A4
Audi;A5
Audi;A6
Audi;A7
Audi;A8
Audi;Allroad Quattro
Audi;Cabriolet
Audi;Coupé
Audi;Q3
Audi;Q5
Audi;Q7
Audi;Quattro
Audi;R8
Audi;RS Q3
Audi;RS2
Audi;RS3
Audi;RS4
Audi;RS5
Audi;RS6
Audi;RS7
Audi;S1
Audi;S3
Audi;S4
Audi;S5
Audi;S6
Audi;S7
Audi;S8
Audi;SQ5
Audi;TT
Audi;V8
Austin;Glider
Austin;Healey
Austin;Metro
Austin;Mini
Austin;Sprite
Autobianchi;A112
Bellier;Divane
Bellier;Opale
Bellier;Transporter
Bentley;Arnage
Bentley;Azure
Bentley;Brooklands
Bentley;Continental
Bentley;Continental GT
Bentley;Eight
Bentley;Flying Spur
Bentley;Mulsanne
Bentley;S3
Bentley;T-Serie
Bentley;Turbo R
BMW;1-serie
BMW;2 Serie
BMW;2000
BMW;2002
BMW;3-serie
BMW;4-serie
BMW;5-serie
BMW;5-serie GT
BMW;6-serie
BMW;7-serie
BMW;8-serie
BMW;i3
BMW;i8
BMW;X1
BMW;X3
BMW;X4
BMW;X5
BMW;X6
BMW;Z1
BMW;Z3
BMW;Z4
BMW;Z8
Bugatti;Veyron
Buick;Century
Buick;Electra
Buick;Enclave
Buick;Invicta
Buick;LeSabre
Buick;Lucerne
Buick;Park Avenue
Buick;Reatta
Buick;Regal
Buick;Riviera
Buick;Roadmaster
Buick;Skylark
Buick;Special
Buick;Wildcat
Cadillac;Allanté
Cadillac;ATS
Cadillac;BLS
Cadillac;Brougham
Cadillac;Calais
Cadillac;CTS
Cadillac;De Ville
Cadillac;Eldorado
Cadillac;Escalade
Cadillac;Fleetwood
Cadillac;Seville
Cadillac;SRX
Cadillac;STS
Cadillac;XLR
Chatenet;Barooder
Chatenet;Speedino
Chevrolet;Alero
Chevrolet;Apache
Chevrolet;Astro
Chevrolet;Avalanche
Chevrolet;Aveo
Chevrolet;Bel Air
Chevrolet;Beretta
Chevrolet;Blazer
Chevrolet;C10
Chevrolet;C1500
Chevrolet;Camaro
Chevrolet;Caprice
Chevrolet;Captiva
Chevrolet;Chevelle
Chevrolet;Chevy Van
Chevrolet;Corsica
Chevrolet;Corvair
Chevrolet;Corvette
Chevrolet;Cruze
Chevrolet;El Camino
Chevrolet;Epica
Chevrolet;Equinox
Chevrolet;Evanda
Chevrolet;Express
Chevrolet;HHR
Chevrolet;Impala
Chevrolet;K1500
Chevrolet;Kalos
Chevrolet;Kingswood
Chevrolet;Lacetti
Chevrolet;Lumina
Chevrolet;Malibu
Chevrolet;Matiz
Chevrolet;Monte Carlo
Chevrolet;Nova
Chevrolet;Nubira
Chevrolet;Orlando
Chevrolet;Pick Up
Chevrolet;S-10
Chevrolet;Silverado
Chevrolet;Spark
Chevrolet;SSR
Chevrolet;Starcraft
Chevrolet;Suburban
Chevrolet;Tacuma
Chevrolet;Tahoe
Chevrolet;Trailblazer
Chevrolet;Trans Sport
Chevrolet;Traverse
Chevrolet;Trax
Chevrolet;Uplander
Chevrolet;Venture
Chevrolet;Volt
Chrysler;300C
Chrysler;300M
Chrysler;Aspen
Chrysler;Cordoba
Chrysler;Crossfire
Chrysler;Grand Voyager
Chrysler;GS
Chrysler;Imperial
Chrysler;LeBaron
Chrysler;Neon
Chrysler;New Yorker
Chrysler;Newport
Chrysler;Pacifica
Chrysler;PT Cruiser
Chrysler;Ram Van
Chrysler;Saratoga
Chrysler;Sebring
Chrysler;Stratus
Chrysler;Town and Country
Chrysler;Viper
Chrysler;Vision
Chrysler;Voyager
Citroën;2 CV
Citroën;Ami
Citroën;AX
Citroën;Axel
Citroën;Berlingo
Citroën;BX
Citroën;C 15
Citroën;C 25
Citroën;C-Crosser
Citroën;C-Zero
Citroën;C1
Citroën;C2
Citroën;C3
Citroën;C3 Picasso
Citroën;C4
Citroën;C4 Aircross
Citroën;C4 Cactus
Citroën;C4 Grand Picasso
Citroën;C4 Picasso
Citroën;C5
Citroën;C6
Citroën;C8
Citroën;CX
Citroën;DS
Citroën;DS3
Citroën;DS4
Citroën;DS5
Citroën;Dyane
Citroën;Evasion
Citroën;GS
Citroën;GSA
Citroën;ID
Citroën;Jumper
Citroën;Jumpy
Citroën;Méhari
Citroën;Nemo
Citroën;Saxo
Citroën;SM
Citroën;Traction Avant
Citroën;Visa
Citroën;Xantia
Citroën;XM
Citroën;Xsara
Citroën;Xsara Picasso
Citroën;ZX
Corvette;C3
Corvette;C5
Corvette;C6
Corvette;C7
Dacia;Dokker
Dacia;Dokker Van
Dacia;Duster
Dacia;Lodgy
Dacia;Logan
Dacia;Logan Mcv
Dacia;Sandero
Daewoo;Espero
Daewoo;Evanda
Daewoo;Kalos
Daewoo;Lacetti
Daewoo;Lanos
Daewoo;Leganza
Daewoo;Matiz
Daewoo;Nexia
Daewoo;Nubira
Daewoo;Tacuma
DAF;33
DAF;400-serie
DAF;44
DAF;46
DAF;66
Daihatsu;Applause
Daihatsu;Charade
Daihatsu;Copen
Daihatsu;Cuore
Daihatsu;Feroza
Daihatsu;Gran Move
Daihatsu;HiJet
Daihatsu;Materia
Daihatsu;Move
Daihatsu;Rocky
Daihatsu;Sirion
Daihatsu;Taft
Daihatsu;Terios
Daihatsu;Trevis
Daihatsu;Valéra
Daihatsu;Young RV
Daimler;4.0
Daimler;Double Six
Daimler;Majestic Major
Daimler;Sovereign
Daimler;Super Eight
Daimler;Super V8
Daimler;XJ
Datsun;1000
Datsun;240Z
Datsun;280Z
DeLorean;DMC
Dodge;600
Dodge;Aspen
Dodge;Avenger
Dodge;Caliber
Dodge;Caravan
Dodge;Challenger
Dodge;Charger
Dodge;Coronet
Dodge;Dakota
Dodge;Dart
Dodge;Daytona
Dodge;Durango
Dodge;Grand Caravan
Dodge;Journey
Dodge;Magnum
Dodge;Nitro
Dodge;Polara
Dodge;Ram
Dodge;Ram Pick Up
Dodge;Ram Van
Dodge;Stealth
Dodge;Viper
Donkervoort;D-serie
Donkervoort;S-serie
Ferrari;246
Ferrari;250
Ferrari;308
Ferrari;328
Ferrari;330
Ferrari;348
Ferrari;360
Ferrari;412
Ferrari;456
Ferrari;458
Ferrari;512
Ferrari;550
Ferrari;575M
Ferrari;599
Ferrari;612
Ferrari;California
Ferrari;Dino
Ferrari;Enzo
Ferrari;F12berlinetta
Ferrari;F355
Ferrari;F40
Ferrari;F430
Ferrari;FF
Ferrari;Mondial
Ferrari;Testarossa
Fiat;1100
Fiat;124
Fiat;126
Fiat;127
Fiat;128
Fiat;130
Fiat;133
Fiat;500
Fiat;500C
Fiat;500L
Fiat;500X
Fiat;600
Fiat;850
Fiat;Argenta
Fiat;Barchetta
Fiat;Brava
Fiat;Bravo
Fiat;Cinquecento
Fiat;Coupé
Fiat;Croma
Fiat;Dino
Fiat;Doblò
Fiat;Doblò Cargo
Fiat;Ducato
Fiat;Fiorino
Fiat;Grande Punto
Fiat;Idea
Fiat;Marea
Fiat;Multipla
Fiat;Palio Weekend
Fiat;Panda
Fiat;Punto
Fiat;Punto Evo
Fiat;Qubo
Fiat;Regata
Fiat;Ritmo
Fiat;Scudo
Fiat;Sedici
Fiat;Seicento
Fiat;Spider
Fiat;Stilo
Fiat;Strada
Fiat;Tempra
Fiat;Tipo
Fiat;Topolino
Fiat;Ulysse
Fiat;Uno
Fiat;X 1/9
Fisker;Karma
Ford;B-Max
Ford;C-Max
Ford;Capri
Ford;Cortina
Ford;Cougar
Ford;Courier
Ford;EcoSport
Ford;Escort
Ford;Fiesta
Ford;Focus
Ford;Fusion
Ford;Galaxy
Ford;Granada
Ford;Grand C-Max
Ford;Ka
Ford;Kuga
Ford;Maverick
Ford;Mondeo
Ford;Probe
Ford;Puma
Ford;Ranger
Ford;S-Max
Ford;Scorpio
Ford;Sierra
Ford;Streetka
Ford;Taunus
Ford;Tourneo Connect
Ford;Tourneo Courier
Ford;Transit
Ford;Transit Connect
Ford;Transit Courier
Ford;Transit Custom
Ford USA;Aerostar
Ford USA;Bronco 4x4
Ford USA;Comet
Ford USA;Cougar
Ford USA;Econoline
Ford USA;Edge
Ford USA;Escape
Ford USA;Expedition
Ford USA;Explorer
Ford USA;F100
Ford USA;F150
Ford USA;F250
Ford USA;F350
Ford USA;Freestar
Ford USA;LTD
Ford USA;Mustang
Ford USA;Taurus
Ford USA;Thunderbird
Ford USA;Windstar
Galloper;Galloper
Galloper;TC
GMC;Acadia
GMC;Denali
GMC;Jimmy
GMC;Savana
GMC;Sierra
GMC;Vandura
Grecav;Eke
Grecav;Sonique
Honda;Accord
Honda;Civic
Honda;Concerto
Honda;CR-V
Honda;CR-Z
Honda;CRX
Honda;Element
Honda;FR-V
Honda;HR-V
Honda;Insight
Honda;Integra
Honda;Jazz
Honda;Legend
Honda;Logo
Honda;N 600
Honda;NSX
Honda;Prelude
Honda;S2000
Honda;Shuttle
Honda;Stream
Hummer;H1
Hummer;H2
Hummer;H3
Hymer;Hymermobil
Hyundai;Accent
Hyundai;Atos
Hyundai;Coupé
Hyundai;Elantra
Hyundai;Excel
Hyundai;Galloper
Hyundai;Genesis
Hyundai;Getz
Hyundai;Grandeur
Hyundai;H 100
Hyundai;H 150
Hyundai;H 200
Hyundai;H 300
Hyundai;H 350
Hyundai;Highway Van
Hyundai;i10
Hyundai;i20
Hyundai;i30
Hyundai;i40
Hyundai;ix20
Hyundai;ix35
Hyundai;Lantra
Hyundai;Matrix
Hyundai;Pony
Hyundai;Santa Fe
Hyundai;Satellite
Hyundai;Scoupé
Hyundai;Sonata
Hyundai;Stellar
Hyundai;Terracan
Hyundai;Trajet
Hyundai;Tucson
Hyundai;Veloster
Hyundai;XG
Infiniti;EX
Infiniti;FX
Infiniti;G
Infiniti;M
Infiniti;Q
Infiniti;Q50
Infiniti;QX
Infiniti;QX50
Isuzu;Amigo
Isuzu;D-Max
Isuzu;N-serie
Isuzu;Trooper 4x4
Iveco;Daily
Iveco;Euro Cargo
Iveco;Massif
Jaguar;E-Type
Jaguar;F-Type
Jaguar;MK II
Jaguar;S-Type
Jaguar;Sovereign
Jaguar;X-Type
Jaguar;XF
Jaguar;XFR
Jaguar;XJ
Jaguar;XJR
Jaguar;XJS
Jaguar;XK
Jaguar;XK8
Jaguar;XKR
JDM;Abaca
JDM;Albizia
JDM;City
JDM;Titane
Jeep;4x4 CJ
Jeep;Cherokee
Jeep;Commander
Jeep;Compass
Jeep;Grand Cherokee
Jeep;Patriot
Jeep;Renegade
Jeep;Wagoneer
Jeep;Wrangler
Jensen;Healey
Jensen;Interceptor
JMC;Landwind
Kia;Carens
Kia;Carnival
Kia;Cee'd
Kia;Cerato
Kia;Clarus
Kia;Joice
Kia;K-serie
Kia;Magentis
Kia;Mentor
Kia;Opirus
Kia;Optima
Kia;Picanto
Kia;Pregio
Kia;Pride
Kia;Pro Cee'd
Kia;Rio
Kia;Sephia
Kia;Shuma
Kia;Sorento
Kia;Soul
Kia;Sportage
Kia;Venga
Lada;110
Lada;111
Lada;112
Lada;Kalina
Lada;Niva
Lada;Samara
Lamborghini;Aventador
Lamborghini;Countach
Lamborghini;Espada
Lamborghini;Gallardo
Lamborghini;Huracán
Lamborghini;Jarama
Lamborghini;LM
Lamborghini;Murciélago
Lancia;2000
Lancia;A 112
Lancia;Beta
Lancia;Dedra
Lancia;Delta
Lancia;Flaminia
Lancia;Flavia
Lancia;Fulvia
Lancia;Gamma
Lancia;Kappa
Lancia;Lybra
Lancia;Musa
Lancia;Phedra
Lancia;Prisma
Lancia;Thema
Lancia;Thesis
Lancia;Voyager
Lancia;Y 10
Lancia;Ypsilon
Lancia;Zeta
Land Rover;Defender
Land Rover;Discovery
Land Rover;Discovery Sport
Land Rover;Freelander
Land Rover;Range Rover
Land Rover;Range Rover Evoque
Land Rover;Range Rover Sport
Landwind;CV9
LDV;Convoy
LDV;Maxus
Lexus;CT 200h
Lexus;GS-Serie
Lexus;IS-Serie
Lexus;LFA
Lexus;LS-Serie
Lexus;NX-Serie
Lexus;RX-Serie
Lexus;SC-Serie
Ligier;Ambra
Ligier;Be Two
Ligier;Be Up
Ligier;IXO
Ligier;Nova
Ligier;Optimax
Ligier;X-Pro
Ligier;X-Too
Lincoln;Continental
Lincoln;Navigator
Lincoln;Town Car
Lotus;340R
Lotus;Eclat
Lotus;Elan
Lotus;Elise
Lotus;Esprit
Lotus;Europa
Lotus;Evora
Lotus;Exige
Lotus;Super Seven
Marcos;Mantara
Maserati;222-Serie
Maserati;224-Serie
Maserati;3200 GT
Maserati;3500 GT
Maserati;430-Serie
Maserati;Biturbo
Maserati;Bora
Maserati;Coupé
Maserati;Ghibli
Maserati;GranCabrio
Maserati;GranSport
Maserati;GranTurismo
Maserati;Khamsin
Maserati;Quattroporte
Maserati;Spyder
Maybach;57
Mazda;121
Mazda;121 Coupé
Mazda;2
Mazda;3
Mazda;323
Mazda;5
Mazda;6
Mazda;626
Mazda;818
Mazda;929
Mazda;B-serie
Mazda;CX-5
Mazda;CX-7
Mazda;CX-9
Mazda;Demio
Mazda;E-serie
Mazda;MPV
Mazda;MX-3
Mazda;MX-5
Mazda;MX-6
Mazda;Premacy
Mazda;RX-7
Mazda;RX-8
Mazda;Tribute
Mazda;Xedos
McLaren;MP4-12C
Mega;eCity
Mega;Tjaffer
Mercedes-Benz;100-serie
Mercedes-Benz;190-serie
Mercedes-Benz;200-serie
Mercedes-Benz;300-serie
Mercedes-Benz;400-serie
Mercedes-Benz;500-serie
Mercedes-Benz;600-serie
Mercedes-Benz;700-serie
Mercedes-Benz;800-serie
Mercedes-Benz;A-klasse
Mercedes-Benz;AMG GT
Mercedes-Benz;Atego
Mercedes-Benz;B-klasse
Mercedes-Benz;C-klasse
Mercedes-Benz;Citan
Mercedes-Benz;CL-klasse
Mercedes-Benz;CLA-Klasse
Mercedes-Benz;CLC-klasse
Mercedes-Benz;CLK-Klasse
Mercedes-Benz;CLS-klasse
Mercedes-Benz;E-klasse
Mercedes-Benz;G-klasse
Mercedes-Benz;GL-klasse
Mercedes-Benz;GLA-Klasse
Mercedes-Benz;GLK-klasse
Mercedes-Benz;M-klasse
Mercedes-Benz;MB 100
Mercedes-Benz;R-klasse
Mercedes-Benz;S-klasse
Mercedes-Benz;SL-klasse
Mercedes-Benz;SLK-klasse
Mercedes-Benz;SLR
Mercedes-Benz;SLS
Mercedes-Benz;Sprinter
Mercedes-Benz;T-serie
Mercedes-Benz;V-klasse
Mercedes-Benz;Vaneo
Mercedes-Benz;Vario
Mercedes-Benz;Viano
Mercedes-Benz;Vito
Mercury;Capri
Mercury;Colony Park
Mercury;Cougar
Mercury;Grand Marquis
Mercury;Marquis
Mercury;Monarch
Mercury;Monterey
Mercury;Sable
Mercury;Villager
Mercury;Zephyr
MG;A-type
MG;B-type
MG;C-type
MG;F-type
MG;Midget
MG;RV8
MG;TC
MG;TD
MG;TF
MG;ZR
MG;ZS
MG;ZT
Microcar;M-8
Microcar;M.Go
Microcar;MC1
Microcar;MC2
Microcar;Virgo
Mini;1000
Mini;1300
Mini;Cabrio
Mini;Clubman
Mini;Clubvan
Mini;Cooper
Mini;Cooper S
Mini;Countryman
Mini;Coupé
Mini;John Cooper Works
Mini;Mini
Mini;One
Mini;Paceman
Mini;Roadster
Mitsubishi;3000 GT
Mitsubishi;ASX
Mitsubishi;Canter
Mitsubishi;Carisma
Mitsubishi;Colt
Mitsubishi;Cordia
Mitsubishi;Debonair
Mitsubishi;Eclipse
Mitsubishi;Galant
Mitsubishi;Grandis
Mitsubishi;i-MiEV
Mitsubishi;L 200
Mitsubishi;L 300
Mitsubishi;L 400
Mitsubishi;Lancer
Mitsubishi;Outlander
Mitsubishi;Pajero
Mitsubishi;Pajero Pinin
Mitsubishi;Sapporo
Mitsubishi;Sigma
Mitsubishi;Space Runner
Mitsubishi;Space Star
Mitsubishi;Space Wagon
Mitsubishi;Starion
Morgan;4-apr
Morgan;Aero 8
Morgan;Plus
Morgan;Roadster
Morris;Minor
Nissan;100 NX
Nissan;200 SX
Nissan;280 ZX
Nissan;300 ZX
Nissan;350Z
Nissan;370Z
Nissan;Almera
Nissan;Almera Tino
Nissan;Atleon
Nissan;Bluebird
Nissan;Cabstar E
Nissan;Cherry
Nissan;Cube
Nissan;Evalia
Nissan;Figaro
Nissan;GT-R
Nissan;Interstar
Nissan;Juke
Nissan;King Cab
Nissan;Kubistar
Nissan;Laurel
Nissan;Leaf
Nissan;Maxima
Nissan;Maxima QX
Nissan;Micra
Nissan;Micra C+C
Nissan;Murano
Nissan;Navara
Nissan;Note
Nissan;NV200
Nissan;NV400
Nissan;Pathfinder
Nissan;Patrol
Nissan;Pick-up
Nissan;Pixo
Nissan;Prairie
Nissan;Primastar
Nissan;Primera
Nissan;Pulsar
Nissan;Qashqai
Nissan;Qashqai+2
Nissan;Quest
Nissan;Serena
Nissan;Silvia
Nissan;Skyline
Nissan;Sunny
Nissan;Terrano
Nissan;Titan
Nissan;Trade
Nissan;Urvan
Nissan;Vanette
Nissan;X-Trail
NSU;Prinz
NSU;RO 80
Oldsmobile;Custom Cruiser
Oldsmobile;Cutlass
Oldsmobile;Delta 88
Oldsmobile;Ninety-Eight
Oldsmobile;Toronado
Opel;Adam
Opel;Admiral
Opel;Agila
Opel;Ampera
Opel;Antara
Opel;Ascona
Opel;Astra
Opel;Cabrio
Opel;Calibra
Opel;Campo
Opel;Cascada
Opel;Combo
Opel;Commodore
Opel;Corsa
Opel;Diplomat
Opel;Frontera
Opel;GT
Opel;Insignia
Opel;Kadett
Opel;Manta
Opel;Meriva
Opel;Mokka
Opel;Monterey
Opel;Monza
Opel;Movano
Opel;Olympia
Opel;Omega
Opel;Rekord
Opel;Senator
Opel;Signum
Opel;Sintra
Opel;Speedster
Opel;Tigra
Opel;Tour
Opel;Vectra
Opel;Vivaro
Opel;Zafira
Peugeot;1007
Peugeot;104
Peugeot;106
Peugeot;107
Peugeot;108
Peugeot;2008
Peugeot;201
Peugeot;202
Peugeot;203
Peugeot;204
Peugeot;205
Peugeot;206
Peugeot;206+
Peugeot;207
Peugeot;208
Peugeot;3008
Peugeot;301
Peugeot;304
Peugeot;305
Peugeot;306
Peugeot;307
Peugeot;308
Peugeot;309
Peugeot;4007
Peugeot;403
Peugeot;404
Peugeot;405
Peugeot;406
Peugeot;407
Peugeot;5008
Peugeot;504
Peugeot;505
Peugeot;508
Peugeot;604
Peugeot;605
Peugeot;607
Peugeot;806
Peugeot;807
Peugeot;Bipper
Peugeot;Boxer
Peugeot;Expert
Peugeot;iOn
Peugeot;J-5
Peugeot;Partner
Peugeot;RCZ
Piaggio;Porter
Plymouth;Prowler
Pontiac;Bonneville
Pontiac;Catalina
Pontiac;Fiero
Pontiac;Firebird
Pontiac;Grand Am
Pontiac;Grand Prix
Pontiac;Grand Ville
Pontiac;GTO
Pontiac;Le Mans
Pontiac;Parisienne
Pontiac;Phoenix
Pontiac;Solstice
Pontiac;Trans Sport
Porsche;356
Porsche;911
Porsche;912
Porsche;914
Porsche;924
Porsche;928
Porsche;944
Porsche;968
Porsche;Boxster
Porsche;Carrera GT
Porsche;Cayenne
Porsche;Cayman
Porsche;Macan
Porsche;Panamera
Renault;11
Renault;12
Renault;16
Renault;18
Renault;19
Renault;21
Renault;25
Renault;4
Renault;5
Renault;6
Renault;8
Renault;9
Renault;Alpine
Renault;Avantime
Renault;Captur
Renault;Clio
Renault;Espace
Renault;Express
Renault;Fluence
Renault;Grand Espace
Renault;Grand Modus
Renault;Grand Scénic
Renault;Kangoo
Renault;Kangoo Express
Renault;Koleos
Renault;Laguna
Renault;Latitude
Renault;Mascott
Renault;Master
Renault;Maxity
Renault;Mégane
Renault;Modus
Renault;Safrane
Renault;Scénic
Renault;Sport Spider
Renault;Trafic
Renault;Twingo
Renault;Twizy
Renault;Vel Satis
Renault;Wind
Renault;Zoe
Rolls-Royce;Corniche
Rolls-Royce;Ghost
Rolls-Royce;Park Ward
Rolls-Royce;Phantom
Rolls-Royce;Silver Seraph
Rolls-Royce;Silver Shadow
Rolls-Royce;Silver Spirit
Rolls-Royce;Silver Spur
Rolls-Royce;Silver Wraith
Rover;100-Serie
Rover;200-Serie
Rover;25
Rover;3500
Rover;400-Serie
Rover;45
Rover;600-Serie
Rover;75
Rover;800-Serie
Rover;Cabriolet
Rover;Estate
Rover;Mini
Rover;SD-Serie
Rover;Streetwise
Rover;TC-Serie
Rover;Tourer
Saab;9-mrt
Saab;9-3X
Saab;9-4X
Saab;9-mei
Saab;9-7X
Saab;90
Saab;900
Saab;9000
Saab;95
Saab;96
Saab;99
Seat;Alhambra
Seat;Altea
Seat;Altea XL
Seat;Arosa
Seat;Cordoba
Seat;Exeo
Seat;Fura
Seat;Ibiza
Seat;Inca
Seat;Leon
Seat;Marbella
Seat;Mii
Seat;Toledo
Simca;1100
Skoda;Citigo
Skoda;Fabia
Skoda;Favorit
Skoda;Felicia
Skoda;Octavia
Skoda;Rapid
Skoda;Roomster
Skoda;Superb
Skoda;Yeti
Smart;Cabrio
Smart;City-Coupé
Smart;Crossblade
Smart;ForFour
Smart;ForTwo
Smart;Roadster
Spyker;C8
Ssangyong;Actyon
Ssangyong;Korando
Ssangyong;Kyron
Ssangyong;Musso
Ssangyong;Rexton
Ssangyong;Rodius
Subaru;BRZ
Subaru;E-Wagon
Subaru;Forester
Subaru;Impreza
Subaru;Justy
Subaru;L-serie
Subaru;Legacy
Subaru;Mini Jumbo
Subaru;Outback
Subaru;SVX
Subaru;Trezia
Subaru;Tribeca
Subaru;Vivio
Subaru;XV
Suzuki;Alto
Suzuki;Baleno
Suzuki;Cappuccino
Suzuki;Carry
Suzuki;Celerio
Suzuki;Grand Vitara
Suzuki;Ignis
Suzuki;Jimny
Suzuki;Kizashi
Suzuki;Liana
Suzuki;Samurai
Suzuki;Splash
Suzuki;Super Carry
Suzuki;Swift
Suzuki;SX4
Suzuki;SX4 S-Cross
Suzuki;Vitara
Suzuki;Wagon R+
Suzuki;X-90
Talbot;Horizon
Talbot;Matra Murena
Talbot;Samba
Tata-Telco;TelcoSport
Tesla;Model S
Tesla;Roadster
Toyota;1000
Toyota;4 Runner
Toyota;Auris
Toyota;Avensis
Toyota;Avensis Verso
Toyota;Aygo
Toyota;Camry
Toyota;Carina
Toyota;Carina E
Toyota;Celica
Toyota;Corolla
Toyota;Corolla Verso
Toyota;Corona
Toyota;Crown
Toyota;Dyna
Toyota;FJ Cruiser
Toyota;FunCruiser RAV4
Toyota;GT86
Toyota;HiAce
Toyota;HiLux
Toyota;iQ
Toyota;Land Cruiser
Toyota;Land Cruiser 100
Toyota;Land Cruiser 90
Toyota;Land Cruiser V8
Toyota;Lite-Ace
Toyota;MR 2
Toyota;Paseo
Toyota;Picnic
Toyota;Previa
Toyota;Prius
Toyota;Prius Wagon
Toyota;ProAce
Toyota;RAV4
Toyota;Sienna
Toyota;Starlet
Toyota;Supra
Toyota;Tercel
Toyota;Tundra
Toyota;Urban Cruiser
Toyota;Verso
Toyota;Verso S
Toyota;Yaris
Toyota;Yaris Verso
Trabant;601
Triumph;Dolomite
Triumph;GT 6
Triumph;Spitfire
Triumph;Stag
Triumph;TR250
Triumph;TR3
Triumph;TR4
Triumph;TR6
Triumph;TR7
Triumph;TR8
TVR;Cerbera
TVR;Chimaera
TVR;Griffith
TVR;S series
TVR;Tuscan
Volkswagen;1600
Volkswagen;181
Volkswagen;Amarok
Volkswagen;Beetle
Volkswagen;Bora
Volkswagen;Buggy
Volkswagen;Caddy
Volkswagen;California
Volkswagen;CC
Volkswagen;Corrado
Volkswagen;Crafter
Volkswagen;CrossPolo
Volkswagen;Derby
Volkswagen;Eos
Volkswagen;Fox
Volkswagen;Golf
Volkswagen;Golf Plus
Volkswagen;Golf Sportsvan
Volkswagen;Jetta
Volkswagen;Karmann Ghia
Volkswagen;Kever
Volkswagen;LT
Volkswagen;Lupo
Volkswagen;Multivan
Volkswagen;New Beetle
Volkswagen;Passat
Volkswagen;Passat Alltrack
Volkswagen;Phaeton
Volkswagen;Polo
Volkswagen;Routan
Volkswagen;Santana
Volkswagen;Scirocco
Volkswagen;Sharan
Volkswagen;Tiguan
Volkswagen;Touareg
Volkswagen;Touran
Volkswagen;Transporter
Volkswagen;Up!
Volkswagen;Vento
Volvo;142
Volvo;144
Volvo;145
Volvo;164
Volvo;1800
Volvo;240
Volvo;242
Volvo;244
Volvo;245
Volvo;262
Volvo;264
Volvo;340
Volvo;343
Volvo;345
Volvo;360
Volvo;440
Volvo;460
Volvo;480
Volvo;66
Volvo;740
Volvo;760
Volvo;780
Volvo;850
Volvo;940
Volvo;960
Volvo;Amazon
Volvo;C30
Volvo;C70
Volvo;FL serie
Volvo;PV
Volvo;PV444
Volvo;PV544
Volvo;S40
Volvo;S60
Volvo;S70
Volvo;S80
Volvo;S90
Volvo;V40
Volvo;V40 Cross Country
Volvo;V50
Volvo;V60
Volvo;V70
Volvo;V90
Volvo;XC60
Volvo;XC70
Volvo;XC90
Wiesmann;Roadster
Willys;Jeep
